{"graph_0": {"_type": "graph-file", "sha256": "fb97f44fd251c6bf66e3205fc512402bdffbe778be243dcf75982397f688b13f", "size": 171042, "path": "media/graph/graph_0_summary_fb97f44fd251c6bf66e3.graph.json"}, "train_loss": 2.578871250152588, "train_accuracy": 0.234375, "elapsed": 4.479196786880493, "_timestamp": 1664145283.779317, "learning_rate": 0.003, "beta_0": 0.9, "beta_1": 0.999, "weight_decay": 0, "_runtime": 8.51879596710205, "_step": 1536, "_wandb": {"runtime": 8}}